,links
0,https://www.straitstimes.com/singapore/transport/new-acquisitions-drive-comfortdelgros-q1-earnings-up-62-to-704-million
1,https://www.straitstimes.com/singapore/transport/section-of-woodlands-centre-road-to-be-closed-for-overhead-bridge-demolition
2,https://www.straitstimes.com/singapore/transport/sbs-transits-q1-earnings-up-23-per-cent-on-better-margins-from-bus-contracts
3,https://www.straitstimes.com/singapore/transport/deals-on-sias-non-stop-flights-to-us-six-months-after-launch
4,https://www.straitstimes.com/singapore/transport/about-40000-left-behind-in-bus-driver-hands-it-to-police
5,https://www.straitstimes.com/singapore/transport/more-than-3700-offences-committed-under-active-mobility-act-over-past-year-says
6,https://www.straitstimes.com/singapore/transport/after-manila-launch-singapore-start-up-looks-to-bring-helicopter-sharing-service
7,https://www.straitstimes.com/singapore/transport/new-incentives-for-rail-commuters-in-congested-areas-who-choose-other-modes-of
8,https://www.straitstimes.com/singapore/transport/dyson-revs-up-hiring-for-singapore-electric-car-plant
9,https://www.straitstimes.com/singapore/transport/sia-changi-airport-group-most-sought-after-by-singapore-job-seekers-survey
10,https://www.straitstimes.com/singapore/transport/sia-a-380-lands-in-delhi-with-hydraulic-leak-in-nose-landing-gear-area
11,https://www.straitstimes.com/singapore/transport/no-fixed-low-fares-through-middlemen-says-gojek-warning-of-scams-on-social-media
12,https://www.straitstimes.com/singapore/transport/coes-end-mixed-in-latest-bidding-exercise
13,https://www.straitstimes.com/singapore/transport/gojek-driver-in-viral-kidnap-video-issued-warning-by-lta
14,https://www.straitstimes.com/singapore/transport/comfortdelgro-to-trial-dynamic-fares-from-may-15
15,https://www.straitstimes.com/singapore/transport/toyota-distributor-in-labour-mediation-after-proposed-sales-commission-cut
16,https://www.straitstimes.com/singapore/transport/tan-chong-motor-to-close-nissan-showroom-in-bukit-timah
17,https://www.straitstimes.com/singapore/transport/mrt-reliability-in-singapore-on-par-with-that-in-hk-taipei
18,https://www.straitstimes.com/singapore/transport/signs-posters-at-heart-zone-yishun-to-help-people-find-way-to-ktph-from-mrt
19,https://www.straitstimes.com/singapore/public-transport-council-to-have-5-new-faces
20,https://www.straitstimes.com/singapore/transport/firefly-aborts-landing-at-seletar-airport
21,https://www.straitstimes.com/singapore/transport/erp-charge-to-go-up-by-1-at-two-gantries-next-monday-morning
22,https://www.straitstimes.com/singapore/transport/scoot-to-stop-flying-to-four-cities-due-to-weak-demand-aircraft-shortage
23,https://www.straitstimes.com/singapore/transport/fresh-wave-of-resignations-of-hr-execs-hits-smrt
24,https://www.straitstimes.com/singapore/transport/3100-parking-fee-shock-jewel-changi-says-delivery-drivers-previous-exit-was-not
25,https://www.straitstimes.com/singapore/transport/shattered-glass-panel-at-chinatown-mrt-platform-replaced-says-sbs-transit
26,https://www.straitstimes.com/singapore/transport/singaporean-motorists-personal-data-possibly-exposed-in-loophole-on-malaysias
27,https://www.straitstimes.com/singapore/transport/fort-canning-link-and-tunnel-closed-for-a-week-from-saturday-for-smu-bridge
28,https://www.straitstimes.com/singapore/transport/comfortdelgro-to-slash-taxi-rental-in-return-for-15-of-cabbies-fare-takings
29,https://www.straitstimes.com/singapore/transport/comfortdelgro-group-appoints-three-women-directors
30,https://www.straitstimes.com/singapore/transport/lta-welcomes-redesigned-map-from-architect-will-unveil-its-own-version-later
31,https://www.straitstimes.com/singapore/transport/100-three-door-buses-to-join-public-fleet-from-next-year
32,https://www.straitstimes.com/singapore/transport/sbs-transit-extends-train-bus-services-on-eve-of-labour-day
33,https://www.straitstimes.com/singapore/transport/new-rail-facility-will-aim-to-reduce-mrt-line-testing-closures
34,https://www.straitstimes.com/singapore/transport/comfortdelgro-grows-aussie-footprint-with-a28m-purchase-of-nsw-bus-operator
35,https://www.straitstimes.com/singapore/transport/reclamation-works-for-first-phase-of-tuas-port-three-quarters-done
36,https://www.straitstimes.com/singapore/transport/tan-chong-opens-subaru-plant-in-thailand
37,https://www.straitstimes.com/singapore/transport/electric-vehicle-owners-can-pay-to-use-bluesg-chargers-from-today
38,https://www.straitstimes.com/singapore/transport/sbs-transit-appoints-former-bg-as-coo
39,https://www.straitstimes.com/singapore/transport/nea-not-ready-to-announce-plans-for-expiring-car-emissions-scheme
40,https://www.straitstimes.com/singapore/transport/about-one-in-three-motorcycles-at-least-15-years-old-scrapped-under-rebate
41,https://www.straitstimes.com/singapore/transport/ofo-loses-bicycle-sharing-licence-in-singapore
42,https://www.straitstimes.com/singapore/transport/coe-supply-to-shrink-by-35-for-may-july-period
43,https://www.straitstimes.com/singapore/transport/car-coes-continue-to-surge
44,https://www.straitstimes.com/singapore/transport/jewel-changi-airport-opens-its-doors-first-few-travellers-at-early-check-in
45,https://www.straitstimes.com/singapore/transport/80m-project-to-resurface-five-expressways-to-be-done-by-next-year
46,https://www.straitstimes.com/singapore/transport/comfortdelgro-stock-rallies-on-hopes-of-taxi-rail-turnaround
47,https://www.straitstimes.com/singapore/transport/jewel-changi-airport-set-to-be-icon-for-singapore-says-architect-moshe-safdie
48,https://www.straitstimes.com/singapore/transport/troubled-indian-carrier-jet-airways-suspends-all-services-to-singapore
49,https://www.straitstimes.com/singapore/transport/malaysian-carrier-firefly-makes-first-landing-at-seletar-airport-the-first-of
50,https://www.straitstimes.com/singapore/transport/jewel-changi-airport-ready-for-its-coming-out-party-and-plans-to-wow-500000
51,https://www.straitstimes.com/singapore/transport/foreign-plants-for-jewels-gardens-took-almost-3-years-to-procure-transport-and
52,https://www.straitstimes.com/singapore/transport/smes-in-ship-agency-and-harbour-craft-sectors-can-seek-grants-from-37-million
53,https://www.straitstimes.com/singapore/transport/shell-unveils-fuels-tailored-for-dirt-prone-modern-engines
54,https://www.straitstimes.com/singapore/transport/last-stage-of-circle-line-to-cost-a-lot-more-than-first-5-stages
55,https://www.straitstimes.com/singapore/transport/silkair-suspends-plans-to-transfer-14-b737-800s-to-scoot-while-b-737-max-remains
56,https://www.straitstimes.com/singapore/transport/ez-link-touch-n-go-to-launch-singdollar-ringgit-combi-card-in-q4-2019
57,https://www.straitstimes.com/singapore/transport/b-737-max-crashes-underscore-risks-but-this-does-not-mean-industry-should-reject
58,https://www.straitstimes.com/singapore/transport/challenges-that-will-require-singapore-to-rethink-maritime-strategy-chan-chun
59,https://www.straitstimes.com/singapore/transport/singapore-and-malaysia-aviation-authorities-will-work-together-on-gps-procedures
60,https://www.straitstimes.com/singapore/transport/three-new-maritime-e-navigation-initiatives-announced
61,https://www.straitstimes.com/singapore/transport/up-to-5-north-south-line-stations-to-close-on-vesak-day-long-weekend-for
62,https://www.straitstimes.com/singapore/transport/malaysia-and-singapore-suspend-implementation-of-overlapping-port-limits
63,https://www.straitstimes.com/singapore/transport/new-ride-hailing-firm-fastgo-apologises-after-accidentally-revealing-email
64,https://www.straitstimes.com/singapore/transport/singapore-and-malaysia-agreement-on-seletar-airport-will-see-firefly-resume
65,https://www.straitstimes.com/singapore/transport/human-security-radar-temporarily-deployed-at-jurong-east-mrt-station-lta
66,https://www.straitstimes.com/singapore/transport/motorists-say-no-change-in-waiting-time-at-checkpoints-as-clampdown-kicks-in
67,https://www.straitstimes.com/singapore/transport/lta-launches-digital-payment-scheme-for-public-transport
68,https://www.straitstimes.com/singapore/transport/car-dealers-set-up-own-online-portal-to-be-rolled-out-late-may
69,https://www.straitstimes.com/singapore/transport/50-malaysian-vehicles-turned-away-so-far-after-foreign-motorists-with
70,https://www.straitstimes.com/singapore/transport/lta-launches-10th-graciousness-campaign-messages-to-be-promoted-on-themed-trains
71,https://www.straitstimes.com/singapore/transport/coe-prices-close-higher-across-the-board
72,https://www.straitstimes.com/singapore/transport/lta-to-cancel-ofos-bike-sharing-licence-as-two-rival-firms-get-green-light
73,https://www.straitstimes.com/singapore/transport/chan-chun-sing-industry-experts-to-discuss-growth-strategies-at-singapore
74,https://www.straitstimes.com/singapore/transport/mpa-testing-predictive-technology-to-reduce-chances-of-ship-collisions
75,https://www.straitstimes.com/singapore/transport/sia-named-best-airline-in-the-world-by-tripadvisor-for-second-consecutive-year
76,https://www.straitstimes.com/singapore/transport/sia-grounds-several-boeing-787-10-jets-due-to-engine-issues
77,https://www.straitstimes.com/singapore/transport/american-e-scooter-giant-lime-names-singapore-as-asia-pacific-headquarters
78,https://www.straitstimes.com/singapore/transport/over-7900-ofo-bicycles-sold-off-in-public-auction
79,https://www.straitstimes.com/singapore/transport/commuters-can-pay-for-bus-or-train-fares-with-mastercard-contactless-bank-cards
80,https://www.straitstimes.com/singapore/transport/more-than-1000-get-to-walk-jog-cycle-and-enjoy-the-scenery-on-last-day-of-car
81,https://www.straitstimes.com/singapore/transport/grab-app-to-feature-public-transport-options-in-coming-months
82,https://www.straitstimes.com/singapore/transport/up-to-5-years-jail-and-100000-fine-for-pilots-who-drink-and-fly-says-caas
83,https://www.straitstimes.com/singapore/transport/changi-airport-bags-skytrax-best-airport-title-for-7th-straight-year
84,https://www.straitstimes.com/singapore/transport/singapore-kl-route-named-worlds-busiest-international-air-link-for-2nd-year
85,https://www.straitstimes.com/singapore/transport/more-than-40km-of-cycling-paths-to-be-built-in-five-hdb-towns
86,https://www.straitstimes.com/singapore/transport/sq-flight-from-mumbai-lands-safely-at-changi-airport-after-mid-air-bomb-hoax
87,https://www.straitstimes.com/singapore/transport/longer-train-wait-times-and-early-closures-at-selected-nsl-and-ewl-stations-for
88,https://www.straitstimes.com/singapore/transport/sia-apologises-for-cancelled-flight-after-plane-comes-into-contact-with
89,https://www.straitstimes.com/singapore/transport/no-change-for-now-to-silkair-b-737-max-8-order-of-31-more-planes
90,https://www.straitstimes.com/singapore/transport/new-ride-hailing-firm-fastgo-to-debut-here-in-april
91,https://www.straitstimes.com/singapore/transport/white-smoke-from-train-at-buona-vista-station-due-to-air-con-refrigerant-leak
92,https://www.straitstimes.com/singapore/transport/coe-prices-for-cars-increase-as-market-anticipates-a-smaller-quota
93,https://www.straitstimes.com/singapore/transport/new-lane-added-to-pie-ahead-of-changi-jewels-opening
94,https://www.straitstimes.com/singapore/transport/car-free-sunday-to-get-3-longer-weekend-editions-starting-with-march-29-to-31
95,https://www.straitstimes.com/singapore/transport/northbound-stretch-of-lornie-highway-to-open-on-april-19
96,https://www.straitstimes.com/singapore/transport/sats-staff-seen-fighting-on-changi-airport-tarmac-in-video
97,https://www.straitstimes.com/singapore/transport/new-safety-rules-for-grab-e-scooter-service-in-nus-including-mandatory-training
98,https://www.straitstimes.com/singapore/transport/train-service-disrupted-on-circle-line-on-friday-evening-after-signalling-fault
99,https://www.straitstimes.com/singapore/transport/carousell-changi-airport-group-investigating-attempts-to-sell-jewel-preview
100,https://www.straitstimes.com/singapore/transport/singapore-spending-130-million-on-trial-to-see-if-hybrid-and-electric-buses-are
101,https://www.straitstimes.com/singapore/transport/east-west-line-hit-by-major-delay-during-friday-morning-rush-hour
102,https://www.straitstimes.com/singapore/transport/bike-firm-ofo-allegedly-charged-dozens-of-users-without-authorisation-cases
103,https://www.straitstimes.com/singapore/transport/are-pilots-afraid-to-fly-a-key-question-to-ask-after-lion-air-ethiopian-airlines
104,https://www.straitstimes.com/singapore/transport/ofo-granted-more-time-to-remove-bicycles-from-public-spaces-lta
105,https://www.straitstimes.com/singapore/transport/passengers-of-scoot-flight-to-singapore-affected-by-18-hour-delay-flight
106,https://www.straitstimes.com/singapore/transport/work-resumes-on-collapsed-changi-viaduct
107,https://www.straitstimes.com/singapore/transport/new-heritage-trail-on-singapores-maritime-history-to-be-launched
108,https://www.straitstimes.com/singapore/transport/boeing-737-max-grounding-asian-regulators-lead-the-way-as-balance-of-power
109,https://www.straitstimes.com/singapore/transport/what-could-have-caused-mondays-incident-of-train-moving-with-open-door
110,https://www.straitstimes.com/singapore/transport/new-carpooling-service-in-telegram-chat-group-draws-1300-members-in-2-weeks
111,https://www.straitstimes.com/singapore/transport/all-silkair-boeing-737-max-8-flights-suspended-as-of-tuesday-morning-sia
112,https://www.straitstimes.com/singapore/transport/mrt-train-leaves-ang-mo-kio-station-with-door-open-station-manager-suspended
113,https://www.straitstimes.com/singapore/transport/singapore-suspends-operations-of-all-boeing-737-max-planes-after-ethiopian
114,https://www.straitstimes.com/singapore/transport/mobike-applies-to-lta-to-withdraw-from-singapore
115,https://www.straitstimes.com/singapore/transport/ready-to-eat-meals-that-can-be-kept-for-6-to-24-months-part-of-25m-investment-by
116,https://www.straitstimes.com/singapore/transport/silkair-monitoring-ethiopian-airlines-crash-amid-concerns-over-737-max-8-planes
117,https://www.straitstimes.com/singapore/transport/mrt-stations-between-dhoby-ghaut-and-harbourfront-on-nel-to-close-earlier-on
118,https://www.straitstimes.com/singapore/transport/upgraded-changi-airport-terminal-3-basement-features-new-event-space-and-indoor
119,https://www.straitstimes.com/singapore/transport-minister-khaw-boon-wan-discharged-a-week-after-surgery-on-fractured-arm
120,https://www.straitstimes.com/singapore/transport/cycling-routes-to-link-geylang-and-queenstown-to-city-by-next-year
121,https://www.straitstimes.com/politics/parliament-new-simplygo-system-to-let-bank-cards-double-up-as-public-transport-travel-cards
122,https://www.straitstimes.com/singapore/transport/hume-mrt-station-to-open-by-2025-says-janil-puthucheary
123,https://www.straitstimes.com/politics/parliament-inclusivity-to-be-key-feature-of-future-public-transport-priority-cabins-on-mrt
124,https://www.straitstimes.com/singapore/transport/maritime-drone-testing-area-to-be-set-up-near-marina-south-pier
125,https://www.straitstimes.com/politics/parliament-vivian-explains-what-planners-are-doing-to-keep-costs-of-transport-system-down
126,https://www.straitstimes.com/singapore/transport/jewel-changi-airport-to-open-on-april-17
127,https://www.straitstimes.com/singapore/transport/more-bus-stops-to-get-wider-seats-and-seats-with-arm-rests-lta
128,https://www.straitstimes.com/singapore/transport/coe-prices-end-mostly-higher-0
129,https://www.straitstimes.com/singapore/transport/grab-lands-us146bn-in-fresh-funds-raising-coffers-to-us8bn-0
130,https://www.straitstimes.com/singapore/transport/signalling-fault-causes-delay-on-downtown-line-commuters-to-add-10-minutes
131,https://www.straitstimes.com/singapore/transport/singapore-stands-out-in-terms-of-strategy-for-autonomous-vehicles-volvo
132,https://www.straitstimes.com/singapore/transport/asean-must-continue-to-work-towards-single-shipping-market
133,https://www.straitstimes.com/singapore/transport/ntu-and-volvo-launch-worlds-first-full-sized-autonomous-electric-bus-for-trial
134,https://www.straitstimes.com/singapore/transport/grab-users-can-soon-cancel-rides-within-5-minutes-for-free-under-new-policy
135,https://www.straitstimes.com/singapore/transport/many-parents-not-using-car-child-restraints-while-travelling-with-children-in
136,https://www.straitstimes.com/singapore/transport/insurers-offer-10000-reward-to-combat-fraud
137,https://www.straitstimes.com/singapore/transport/second-firm-charged-with-illegally-offering-shared-pmds
138,https://www.straitstimes.com/singapore/transport/smrt-bus-captain-suspended-after-driving-against-traffic-along-victoria-street
139,https://www.straitstimes.com/singapore/transport-minister-khaw-boon-wan-fully-prepared-for-surgery-on-friday
140,https://www.straitstimes.com/singapore/transport/sia-flights-to-london-frankfurt-stop-halfway-for-refuelling-to-avoid-pakistan
141,https://www.straitstimes.com/singapore/transport/aerospace-firm-bombardier-to-quadruple-size-of-singapore-service-centre
142,https://www.straitstimes.com/singapore/transport/6000-trips-using-on-demand-public-buses-in-first-two-months-of-trial
143,https://www.straitstimes.com/singapore/khaw-boon-wan-breaks-arm-in-fall-vivian-balakrishnan-to-act-as-transport-minister
144,https://www.straitstimes.com/singapore/transport/commuters-less-satisfied-with-private-hire-cars-in-2018-ptc-survey-shows
145,https://www.straitstimes.com/singapore/transport/2-local-start-ups-face-charges-over-illegally-offering-shared-pmds
146,https://www.straitstimes.com/singapore/transport/record-number-of-motorists-keeping-car-beyond-10-years
147,https://www.straitstimes.com/singapore/transport/coes-end-mostly-higher-in-latest-tender
148,https://www.straitstimes.com/singapore/transport/diesel-duty-at-pumps-doubles-to-20-cents-per-litre
149,https://www.straitstimes.com/singapore/transport/e-scooter-rider-taken-to-hospital-after-accident-with-van-at-woodlands-ave-9
150,https://www.straitstimes.com/singapore/transport/man-taken-to-hospital-after-being-hit-by-bus-in-chinatown
151,https://www.straitstimes.com/singapore/transport/lta-suspends-ofos-bike-sharing-licence-over-failure-to-meet-regulations
152,https://www.straitstimes.com/singapore/transport/sbs-transit-wont-embark-on-global-search-for-next-ceo-chairman
153,https://www.straitstimes.com/singapore/transport/cdelgro-posts-profit-growth-despite-continued-slide-in-taxi-performance
154,https://www.straitstimes.com/singapore/transport/bus-and-train-ridership-up-taxi-rides-down
155,https://www.straitstimes.com/singapore/transport/commuters-happier-with-buses-trains-in-2018
156,https://www.straitstimes.com/singapore/transport/buses-prove-just-the-ticket-as-sbs-transit-profit-soars-70-to-80m
157,https://www.straitstimes.com/singapore/transport/14-companies-vying-for-pmd-sharing-licence
158,https://www.straitstimes.com/singapore/transport/no-erp-charges-for-upper-bukit-timah-road-2-gantries-at-marina-coastal
159,https://www.straitstimes.com/singapore/transport/sia-captain-stewardess-grounded-after-she-sat-in-first-officers-chair-and-he
160,https://www.straitstimes.com/singapore/transport/mrt-network-hits-new-reliability-standard
161,https://www.straitstimes.com/singapore/transport/vicom-declares-special-dividend-on-31-jump-in-profit
162,https://www.straitstimes.com/singapore/transport/obikes-new-costa-rican-owner-applies-for-licence-to-run-pmd-services-under-new
163,https://www.straitstimes.com/singapore/transport/silkair-picks-irish-seat-maker-to-upgrade-cabins-ahead-of-merger-with-sia
164,https://www.straitstimes.com/singapore/transport/siemens-lands-111m-deal-to-supply-power-systems-for-2-mrt-extensions
165,https://www.straitstimes.com/singapore/transport/coes-end-mostly-higher
166,https://www.straitstimes.com/singapore/transport/parallel-imported-cars-lose-more-ground-as-tighter-emission-rules-bite
167,https://www.straitstimes.com/singapore/transport/singapore-gets-tough-on-pilots-who-drink-and-fly-plans-for-random-alcohol
168,https://www.straitstimes.com/singapore/transport/personal-mobility-device-users-stopped-devices-impounded-in-sengkang-enforcement
169,https://www.straitstimes.com/singapore/transport/foreign-motorists-with-outstanding-fines-could-be-denied-entry-to-singapore-from
170,https://www.straitstimes.com/singapore/transport/photo-exhibition-showcases-construction-works-on-thomson-east-coast-line
171,https://www.straitstimes.com/singapore/transport/sia-girl-still-relevant-after-50-years-airline-says-after-brand-review-and
172,https://www.straitstimes.com/singapore/transport/lta-trials-new-app-for-commuters-with-special-needs
173,https://www.straitstimes.com/singapore/transport/6159-million-contract-awarded-for-north-south-corridor
174,https://www.straitstimes.com/singapore/transport/sia-chief-says-the-airlines-digital-push-is-not-a-substitute-for-service
175,https://www.straitstimes.com/singapore/transport/no-train-service-between-telok-blangah-and-harbourfront-on-circle-line-due-to
176,https://www.straitstimes.com/singapore/transport/super-luxe-car-sales-zoom-ahead-of-the-masses
177,https://www.straitstimes.com/singapore/transport/speed-limit-for-eight-seater-cars-to-be-raised-higher-speeds-likely-for-hefty
178,https://www.straitstimes.com/singapore/transport/changi-airport-handles-all-time-high-of-656m-passengers-in-2018-traffic-increase
179,https://www.straitstimes.com/singapore/transport/ryde-secures-new-round-of-funding-names-new-chairman
180,https://www.straitstimes.com/singapore/transport/singtel-to-develop-cyber-security-solutions-for-self-driving-vehicles-with
181,https://www.straitstimes.com/singapore/transport/3-people-taken-to-hospital-after-accident-between-cement-mixer-truck-and-2-cars
182,https://www.straitstimes.com/singapore/transport/hdt-taxi-drivers-to-get-training-in-digital-skills-extra-mentoring-pay-under-new
183,https://www.straitstimes.com/singapore/transport/free-safety-course-for-cyclists-e-scooter-users-to-continue-throughout-this-year
184,https://www.straitstimes.com/singapore/transport/car-dealers-warn-of-2-men-making-bogus-purchases-at-least-4-showrooms-affected
185,https://www.straitstimes.com/singapore/transport/first-phase-of-cross-island-mrt-line-finalised-will-have-12-stations
186,https://www.straitstimes.com/singapore/transport/lta-to-streamline-rules-governing-taxis-private-hire-cars
187,https://www.straitstimes.com/singapore/transport/fewer-coes-for-next-three-months-starting-from-february
188,https://www.straitstimes.com/singapore/transport/only-438000-worth-of-claims-filed-out-of-89-million-obike-owes-in-deposits-says
189,https://www.straitstimes.com/singapore/transport/car-coe-prices-up-others-down
190,https://www.straitstimes.com/singapore/transport/bmw-senior-executive-hildegard-wortmann-defects-to-audi
191,https://www.straitstimes.com/singapore/transport/sia-moves-up-to-18th-spot-in-fortunes-top-50-rankings-from-32nd-place-in-2018
192,https://www.straitstimes.com/singapore/transport/singapore-joins-established-maritime-nations-in-offering-war-risk-insurance-for
193,https://www.straitstimes.com/singapore/transport/delay-on-north-south-line-due-to-train-fault-at-marsiling-mrt-station
194,https://www.straitstimes.com/singapore/transport/train-fault-at-fajar-lrt-causes-disruption-of-bplrt-services-passengers
195,https://www.straitstimes.com/singapore/transport/sp-group-announces-first-major-location-partner-for-electric-vehicle-charging
196,https://www.straitstimes.com/singapore/transport/lower-speed-limit-and-other-new-rules-for-bikes-and-pmds-to-kick-in-from-feb-1
197,https://www.straitstimes.com/singapore/transport/former-general-to-head-bus-operator-tower-transit
198,https://www.straitstimes.com/singapore/transport/national-transport-workers-union-calls-on-public-to-help-when-trains-break-down
199,https://www.straitstimes.com/singapore/transport/ncmp-dennis-tan-calls-for-service-quality-to-be-part-of-public-transport-fare
200,https://www.straitstimes.com/singapore/transport/ofos-licence-to-be-suspended-if-it-fails-to-meet-regulatory-requirements-lta
201,https://www.straitstimes.com/singapore/transport/sbs-transit-still-on-look-out-for-someone-to-take-drivers-seat
202,https://www.straitstimes.com/singapore/transport/comfortdelgro-group-ceo-yang-ban-seng-appointed-new-sbs-transit-ceo
203,https://www.straitstimes.com/singapore/transport/riders-and-drivers-welcome-honeymoon-period-with-gojek-but-unsure-how-long-it
204,https://www.straitstimes.com/singapore/transport/shorter-peak-hour-journeys-more-bus-and-cycling-lanes-envisioned-for-singapore
205,https://www.straitstimes.com/singapore/transport/sia-fires-pilot-who-failed-alcohol-test-last-year-and-forced-airline-to-cancel
206,https://www.straitstimes.com/singapore/transport/nissan-commits-to-full-electrified-range-in-singapore
207,https://www.straitstimes.com/singapore/transport/24-people-injured-in-collision-between-lorry-and-2-buses-on-jurong-island
208,https://www.straitstimes.com/singapore/transport/coes-end-mostly-higher-on-eve-of-motor-show
209,https://www.straitstimes.com/singapore/transport/motorcyclist-taken-to-hospital-after-accident-with-car-at-ang-mo-kio-avenue-5
210,https://www.straitstimes.com/singapore/transport/sp-launches-38-high-speed-charging-points-for-electric-vehicles
211,https://www.straitstimes.com/singapore/transport/scoot-flight-from-singapore-to-melbourne-makes-a-u-turn-48-minutes-after-take
212,https://www.straitstimes.com/singapore/transport/founders-memorial-station-to-be-added-to-thomson-east-coast-mrt-line
213,https://www.straitstimes.com/singapore/transport/personal-details-of-285-krisflyer-members-disclosed-due-to-software-bug-sia
214,https://www.straitstimes.com/singapore/transport/ubers-lion-city-rentals-finally-sold
215,https://www.straitstimes.com/singapore/transport/delays-on-east-west-mrt-line
216,https://www.straitstimes.com/singapore/transport/gojek-to-extend-its-ride-hailing-services-islandwide
217,https://www.straitstimes.com/singapore/transport/356-passengers-on-delayed-scoot-flight-from-taipei-to-singapore-to-return-two
218,https://www.straitstimes.com/singapore/transport/gojek-introduces-dynamic-pricing-move-will-likely-attract-more-drivers-to-join
219,https://www.straitstimes.com/singapore/transport/delay-hits-north-south-mrt-line-during-morning-peak
220,https://www.straitstimes.com/singapore/transport/mrt-and-bus-fare-increases-have-kicked-in
221,https://www.straitstimes.com/singapore/transport/sbst-chief-quits-over-personal-indiscretion
222,https://www.straitstimes.com/singapore/transport/additional-5-charge-for-indiscriminately-parked-shared-bikes-from-jan-14
223,https://www.straitstimes.com/singapore/over-150000-households-apply-for-vouchers-to-defray-public-transport-costs-ahead-of-dec-29
224,https://www.straitstimes.com/singapore/transport/cyclist-hits-lorrys-side-mirror-gets-knocked-over-in-pasir-ris
225,https://www.straitstimes.com/singapore/transport/lta-awards-six-more-contracts-worth-314-billion-for-construction-of-north-south
226,https://www.straitstimes.com/singapore/transport/nea-to-accept-new-vehicle-emissions-test-standard-from-jan-1-2019
227,https://www.straitstimes.com/singapore/transport/public-transport-services-extended-for-new-years-eve
228,https://www.straitstimes.com/singapore/transport/road-closures-enhanced-security-measures-in-place-for-marina-bay-singapore
229,https://www.straitstimes.com/singapore/transport/smrt-employee-was-checking-for-oil-leaks-when-maintenance-train-rolled-over-his
230,https://www.straitstimes.com/singapore/transport/bomb-hoax-car-breakdowns-rampant-queue-cutting-all-add-to-last-weekends-causeway
231,https://www.straitstimes.com/singapore/transport/taxi-and-private-hire-car-associations-recommend-integrated-travel-app-seek-use
232,https://www.straitstimes.com/singapore/transport/coe-prices-rise-for-small-cars-motorcycles-and-open-category-in-latest-round-of
233,https://www.straitstimes.com/singapore/transport/teen-arrested-for-drink-driving-after-accident-in-teck-whye-avenue
234,https://www.straitstimes.com/singapore/transport/grab-users-face-problem-with-ride-hailing-platforms-mobile-app-on-wednesday
235,https://www.straitstimes.com/singapore/transport/google-flights-available-in-singapore-from-dec-17
236,https://www.straitstimes.com/singapore/transport/process-of-exporting-de-registered-cars-under-review-to-prevent-abuse-lta
237,https://www.straitstimes.com/singapore/transport/positive-response-to-first-day-of-on-demand-bus-trial
238,https://www.straitstimes.com/singapore/transport/smrt-train-and-bus-services-to-be-extended-on-christmas-eve
239,https://www.straitstimes.com/singapore/transport/north-east-line-to-undergo-major-renewal-project-next-year
240,https://www.straitstimes.com/singapore/transport/smrt-ceo-neo-kian-hong-says-company-takes-investigations-into-workplace-accident
241,https://www.straitstimes.com/singapore/transport/toyota-to-supply-grab-with-hybrid-cars-fitted-with-black-box-recorders
242,https://www.straitstimes.com/singapore/transport/lta-calls-for-tender-for-noise-barriers-at-16-more-locations-on-north-south-east
243,https://www.straitstimes.com/singapore/transport/e-scooter-registration-to-begin-on-jan-2-2019
244,https://www.straitstimes.com/singapore/transport/bukit-panjang-lrt-to-close-earlier-at-1130pm-daily-from-january-for-system
245,https://www.straitstimes.com/singapore/transport/no-train-service-between-gul-circle-and-boon-lay-on-ewl-due-to-accident-during
246,https://www.straitstimes.com/singapore/transport/avoid-woodlands-checkpoint-early-thursday-morning-ica
247,https://www.straitstimes.com/singapore/transport/bluesg-will-open-charging-stations-to-privately-owned-electric-vehicles-from
248,https://www.straitstimes.com/singapore/transport/singapore-transport-ministry-responds-to-statement-by-malaysia-counterpart-on
249,https://www.straitstimes.com/singapore/transport/enforcement-with-average-speed-camera-system-along-tanah-merah-coast-road-to
250,https://www.straitstimes.com/singapore/transport/work-to-complete-collapsed-tpe-pie-viaduct-to-begin-next-year
251,https://www.straitstimes.com/singapore/transport/bus-services-925-and-927-to-skip-several-stops-from-dec-16
252,https://www.straitstimes.com/singapore/transport/say-hi-to-your-fellow-passenger-on-your-next-bus-ride
253,https://www.straitstimes.com/singapore/transport/first-fully-designed-and-built-in-singapore-bus-launched
254,https://www.straitstimes.com/singapore/transport/robots-being-tested-for-use-for-public-transport-security
255,https://www.straitstimes.com/singapore/transport/lta-to-launch-3d-traffic-markings-trial-from-end-of-december-to-make-roads-safer
256,https://www.straitstimes.com/singapore/transport/67-year-old-cyclist-killed-in-accident-with-bus-at-jalan-bukit-merah-junction
257,https://www.straitstimes.com/singapore/transport/weak-consumer-sentiment-causes-coes-to-end-mostly-lower
258,https://www.straitstimes.com/singapore/transport/mot-releases-documents-on-consultations-with-malaysia-on-proposed-new-flight
259,https://www.straitstimes.com/singapore/transport/managing-airspace-it-is-not-about-sovereignty-but-about-keeping-skies-safe-as
260,https://www.straitstimes.com/singapore/transport/car-left-stuck-in-a-drain-after-accident-at-lorong-chuan-junction-six-people
261,https://www.straitstimes.com/singapore/transport/winter-wonderland-on-wheels-trains-and-buses-get-christmas-makeovers
262,https://www.straitstimes.com/singapore/transport/what-to-know-about-on-demand-public-bus-services
263,https://www.straitstimes.com/singapore/transport/on-demand-public-bus-services-from-dec-17-as-part-of-6-month-trial
264,https://www.straitstimes.com/singapore/transport/motorcyclist-killed-in-accident-on-bke-towards-woodlands-checkpoint
265,https://www.straitstimes.com/singapore/lta-expands-contactless-payment-trial-for-public-transport-to-visa-nets-cardholders
266,https://www.straitstimes.com/singapore/transport/go-jek-launches-beta-version-of-app-in-singapore
267,https://www.straitstimes.com/singapore/transport/fire-alarm-at-changi-airport-t1-carpark-which-opened-last-week-grounds-lifts-for
268,https://www.straitstimes.com/singapore/transport/diesel-electric-hybrid-buses-to-hit-the-road-in-december-2018
269,https://www.straitstimes.com/singapore/transport/commuters-prize-convenience-connectivity-and-speed-most-in-land-transport-system
270,https://www.straitstimes.com/singapore/transport/new-road-to-ease-congestion-in-punggol-opens-a-year-ahead-of-schedule
271,https://www.straitstimes.com/singapore/transport/lianhe-zaobao-readers-offer-ideas-to-improve-public-transport-system
272,https://www.straitstimes.com/singapore/transport/firefly-suspending-flights-to-singapore-malaysias-aviation-authority-raises
273,https://www.straitstimes.com/singapore/transport/grab-launches-new-e-scooter-sharing-service-trial-in-nus-kent-ridge-campus
274,https://www.straitstimes.com/singapore/transport/early-closures-for-mrt-stations-on-east-west-line-and-north-south-line-from-nov
275,https://www.straitstimes.com/singapore/transport/firefly-will-suspend-all-flights-to-singapore-from-dec-1
276,https://www.straitstimes.com/singapore/transport/american-company-starts-shared-e-scooter-scheme-at-singapore-science-park-1-and
277,https://www.straitstimes.com/singapore/transport/silkair-to-give-up-some-routes-to-scoot-ahead-of-merger-with-sia-scoot-to
278,https://www.straitstimes.com/singapore/transport/coe-prices-for-small-cars-down-to-25000-in-latest-round-of-bidding
279,https://www.straitstimes.com/singapore/transport/singapore-airlines-named-airline-of-the-year-2019
280,https://www.straitstimes.com/singapore/transport/part-of-canning-rise-road-to-be-expunged-in-january-for-park-to-be-more
281,https://www.straitstimes.com/singapore/transport/new-80m-passenger-terminal-opens-at-seletar-airport
282,https://www.straitstimes.com/singapore/transport/new-choa-chu-kang-bus-interchange-to-open-on-dec-16
283,https://www.straitstimes.com/singapore/transport/sia-flight-to-paris-makes-u-turn-less-than-an-hour-after-take-off-from-changi
284,https://www.straitstimes.com/singapore/transport/scoots-move-to-t1-timely-but-could-hurt-integration-with-sia-group
285,https://www.straitstimes.com/singapore/transport/comfortdelgros-q1-profit-up-62
286,https://www.straitstimes.com/singapore/transport/cab-companies-could-be-allowed-to-bid-for-coes
287,https://www.straitstimes.com/singapore/transport/attractive-fares-for-long-haul-sia-flights-drawing-travellers
288,https://www.straitstimes.com/singapore/transport/fewer-cyclists-hurt-in-accidents-but-more-caught-breaking-rules
289,https://www.straitstimes.com/singapore/transport/driver-hands-over-39600-left-behind-in-bus
290,https://www.straitstimes.com/singapore/transport/singapore-start-up-plans-helicopter-ride-sharing-in-region
291,https://www.straitstimes.com/singapore/transport/poll-sia-is-most-sought-after-employer
292,https://www.straitstimes.com/singapore/transport/sia-flight-delayed-17-hours-in-delhi-over-glitch
293,https://www.straitstimes.com/singapore/transport/private-hire-driver-gets-warning-for-kidnap-video
294,https://www.straitstimes.com/singapore/transport/gojek-to-file-police-report-over-suspected-online-fare-scam
295,https://www.straitstimes.com/singapore/transport/small-car-coe-price-up-10
296,https://www.straitstimes.com/singapore/transport/borneo-motors-plans-to-cut-commissions-raise-sales-targets
297,https://www.straitstimes.com/singapore/transport/private-hire-operators-may-get-licence-to-offer-street-hail-services
298,https://www.straitstimes.com/singapore/transport/comfort-taxis-set-to-offer-dynamic-pricing-alongside-metered-fares
299,https://www.straitstimes.com/singapore/transport/spore-to-host-international-electric-car-race-in-2020
300,https://www.straitstimes.com/singapore/transport/clean-canvas-to-write-new-aviation-story-changi-east-project-offers-chance-to
301,https://www.straitstimes.com/singapore/transport/plans-to-improve-fly-ferry-links-when-changi-t5-opens
302,https://www.straitstimes.com/singapore/transport/helping-hand-for-commute-to-hospital
303,https://www.straitstimes.com/singapore/transport/q1-rail-reliability-continues-to-improve
304,https://www.straitstimes.com/singapore/transport/sia-and-sats-renew-5-year-partnership
305,https://www.straitstimes.com/singapore/transport/public-transport-council-appoints-five-new-members
306,https://www.straitstimes.com/singapore/transport/firefly-flight-aborts-landing-at-seletar
307,https://www.straitstimes.com/singapore/transport/car-erp-to-go-up-by-1-at-2-gantries-from-monday
308,https://www.straitstimes.com/singapore/transport/smrt-hit-by-wave-of-resignations
309,https://www.straitstimes.com/singapore/transport/3158-parking-fee-due-to-earlier-unrecorded-exit-jewel
310,https://www.straitstimes.com/singapore/transport/malaysian-vep-site-loophole-exposes-motorists-data
311,https://www.straitstimes.com/singapore/transport/architects-redesign-of-mrt-system-map-wins-praise
312,https://www.straitstimes.com/singapore/transport/comfort-offers-fare-sharing-plan-with-lower-rentals
313,https://www.straitstimes.com/singapore/transport/3-door-public-buses-to-hit-the-road-from-2020
314,https://www.straitstimes.com/singapore/transport/spore-firm-unveils-flying-vehicle-with-an-eye-on-us-market
315,https://www.straitstimes.com/singapore/transport/sentosa-monorail-service-down-for-five-operational-hours
316,https://www.straitstimes.com/singapore/transport/public-can-use-some-of-bluesgs-electric-vehicle-chargers-now
317,https://www.straitstimes.com/singapore/transport/train-test-centre-may-reduce-need-for-shorter-station-hours
318,https://www.straitstimes.com/singapore/transport/plan-for-centre-to-test-trains-without-disrupting-services
319,https://www.straitstimes.com/singapore/transport/tan-chong-opens-subaru-car-assembly-factory-in-thailand
320,https://www.straitstimes.com/singapore/transport/comfortdelgro-grows-with-27m-nsw-bus-operator-acquisition
321,https://www.straitstimes.com/singapore/transport/phase-1-of-tuas-port-on-course-for-2021-launch
322,https://www.straitstimes.com/singapore/transport/about-13-of-pollutive-motorcycles-deregistered
323,https://www.straitstimes.com/singapore/transport/sbst-names-aussie-unit-boss-as-coo
324,https://www.straitstimes.com/singapore/transport/bike-sharing-firm-ofos-licence-cancelled-by-lta
325,https://www.straitstimes.com/singapore/transport/firefly-landing-marks-start-of-its-seletar-airport-operations
326,https://www.straitstimes.com/singapore/transport/city-streets-to-look-brighter-with-25000-led-lamps
327,https://www.straitstimes.com/singapore/transport/ensuring-the-aviation-sector-stays-strong-viable
328,https://www.straitstimes.com/singapore/transport/study-on-feasibility-of-reverse-flow-on-pie-kje
329,https://www.straitstimes.com/singapore/transport/fewer-car-coes-for-may-july-period
330,https://www.straitstimes.com/singapore/transport/coe-prices-continue-climb
331,https://www.straitstimes.com/singapore/transport/jewel-shines-on-first-day-of-public-opening
332,https://www.straitstimes.com/singapore/transport/comfortdelgro-stock-rallies-on-hopes-of-bus-rail-growth
333,https://www.straitstimes.com/singapore/transport/smoother-rides-on-all-highways-by-end-2020
334,https://www.straitstimes.com/singapore/transport/how-to-make-a-jewel-shine-st-goes-behind-the-scenes-to-find-out-what-went-into
335,https://www.straitstimes.com/singapore/transport/1635m-upgrading-works-to-better-fight-tunnel-fires
336,https://www.straitstimes.com/singapore/transport/116-cameras-for-changis-smart-digital-tower-trial
337,https://www.straitstimes.com/singapore/transport/jewel-will-be-a-spore-icon-says-architect
338,https://www.straitstimes.com/singapore/transport/singapore-proud-to-lend-its-expertise-pm-lee-tells-icao-chief
339,https://www.straitstimes.com/singapore/transport/grabs-new-funding-aimed-at-innovative-products-not-fending-off-rivals-spore-head
340,https://www.straitstimes.com/singapore/transport/more-than-2000-trees-and-palms-plus-100000-shrubs
341,https://www.straitstimes.com/singapore/transport/jewel-a-timely-investment-in-future-of-singapore-air-hub
342,https://www.straitstimes.com/singapore/transport/indias-jet-airways-halts-all-flights-to-and-from-singapore
343,https://www.straitstimes.com/singapore/transport/jewel-opens-doors-to-give-changi-airport-added-sparkle
344,https://www.straitstimes.com/singapore/transport/shell-offers-new-range-of-fuels-for-modern-engines
345,https://www.straitstimes.com/singapore/transport/ship-agency-and-harbour-craft-smes-can-tap-37m-digitalisation-fund
346,https://www.straitstimes.com/singapore/transport/singapore-tops-list-of-leading-maritime-capitals-for-fourth-time
347,https://www.straitstimes.com/singapore/transport/rising-costs-push-bill-for-final-stage-of-circle-line-to-485b
348,https://www.straitstimes.com/singapore/transport/mpa-invests-72m-in-projects-on-autonomous-shipping
349,https://www.straitstimes.com/singapore/transport/new-sing-ringgit-card-soon-for-road-tolls-on-both-sides-of-causeway
350,https://www.straitstimes.com/singapore/transport/electronic-navigation-charts-the-way-to-safer-straits
351,https://www.straitstimes.com/singapore/transport/challenges-require-spore-to-rethink-maritime-strategy-chan
352,https://www.straitstimes.com/singapore/transport/womans-leg-stuck-in-platform-gap-at-station
353,https://www.straitstimes.com/singapore/transport/5-mrt-stations-to-shut-for-track-construction
354,https://www.straitstimes.com/singapore/transport/both-sides-will-work-together-on-gps-landing-for-seletar
355,https://www.straitstimes.com/singapore/transport/mutual-suspension-of-overlapping-port-limits-kicks-in
356,https://www.straitstimes.com/singapore/transport/spore-malaysia-suspend-port-limit-implementation
357,https://www.straitstimes.com/singapore/transport/singapore-malaysia-reach-deal-on-recent-air-issues
358,https://www.straitstimes.com/singapore/transport/simplygo-by-tapping-your-credit-card-or-phone
359,https://www.straitstimes.com/singapore/transport/random-alcohol-testing-what-about-substance-abuse
360,https://www.straitstimes.com/singapore/transport/50-malaysian-vehicles-turned-away-due-to-outstanding-fines
361,https://www.straitstimes.com/singapore/transport/lta-campaign-promotes-graciousness-on-public-transport
362,https://www.straitstimes.com/singapore/transport/higher-coe-prices-across-the-board
363,https://www.straitstimes.com/singapore/transport/ofos-days-look-numbered-as-rivals-roll-out-new-fleets
364,https://www.straitstimes.com/singapore/transport/mpa-fujitsu-testing-technology-to-reduce-risks-of-ship-collision
365,https://www.straitstimes.com/singapore/transport/sia-grounds-two-dreamliner-aircraft-over-engine-issues
366,https://www.straitstimes.com/singapore/transport/over-7900-ofo-bicycles-sold-in-public-auction
367,https://www.straitstimes.com/singapore/transport/mastercard-users-can-tap-and-ride-under-new-scheme
368,https://www.straitstimes.com/singapore/transport/us-e-scooter-giant-names-spore-as-hq-for-asia-pacific
369,https://www.straitstimes.com/singapore/transport/start-up-launches-all-in-one-transport-app-that-insures-users-too
370,https://www.straitstimes.com/singapore/transport/ubers-658m-fine-suspended-amid-appeal
371,https://www.straitstimes.com/singapore/transport/virtual-experience-lets-you-pick-a-colour-for-your-train
372,https://www.straitstimes.com/singapore/transport/quick-change
373,https://www.straitstimes.com/singapore/transport/heritage-fun-and-road-safety-at-car-free-weekend
374,https://www.straitstimes.com/singapore/transport/road-safety-revving-it-up
375,https://www.straitstimes.com/singapore/transport/grabs-headcount-to-hit-3000-by-next-year
376,https://www.straitstimes.com/singapore/transport/pilots-flying-out-of-spore-to-face-random-alcohol-testing
377,https://www.straitstimes.com/singapore/transport/changi-is-worlds-best-airport-for-7th-year-running
378,https://www.straitstimes.com/singapore/transport/new-fix-to-ensure-no-similar-crashes-again-says-boeing
379,https://www.straitstimes.com/singapore/transport/gojek-launches-benefits-scheme-for-drivers
380,https://www.straitstimes.com/singapore/transport/dbs-sia-ink-deal-for-travel-bank-services-on-digital-platforms
381,https://www.straitstimes.com/singapore/transport/speed-regulating-strips-up-today-at-marine-parade-roundabout
382,https://www.straitstimes.com/singapore/transport/cyclists-cheer-expansion-of-paths-but-call-for-better-safety
383,https://www.straitstimes.com/singapore/transport/over-40km-of-cycling-paths-to-be-built-in-next-five-years
384,https://www.straitstimes.com/singapore/transport/be-prepared-for-security-screening-at-jurong-east-mrt-station-on-april-5
385,https://www.straitstimes.com/singapore/transport/driverless-road-cleaning-vehicles-may-make-debut-here
386,https://www.straitstimes.com/singapore/transport/viet-ride-hailing-firm-aims-to-launch-here-in-april
387,https://www.straitstimes.com/singapore/transport/car-free-weekend-to-be-held-on-march-29-31
388,https://www.straitstimes.com/singapore/transport/lta-causes-conditions-differ-for-hk-and-joo-koon-incidents
389,https://www.straitstimes.com/singapore/transport/new-lane-added-to-pie-ahead-of-jewels-opening-at-changi
390,https://www.straitstimes.com/singapore/transport/rest-of-lornie-highway-to-open-on-april-19
391,https://www.straitstimes.com/singapore/transport/sats-staff-suspended-over-changi-airport-tarmac-brawl
392,https://www.straitstimes.com/singapore/transport/2-mrt-lines-hit-by-peak-hour-glitches
393,https://www.straitstimes.com/singapore/transport/mandatory-training-helmet-use-for-nus-grab-e-scooter-service
394,https://www.straitstimes.com/singapore/transport/134m-trial-on-feasibility-of-hybrid-electric-bus-fleet
395,https://www.straitstimes.com/singapore/transport/changi-airport-group-carousell-probing-listings-to-sell-free-jewel-preview
396,https://www.straitstimes.com/singapore/transport/extension-granted-to-clear-bikes
397,https://www.straitstimes.com/singapore/transport/users-claim-unauthorised-charges-by-ofo
398,https://www.straitstimes.com/singapore/transport/expect-delays-at-checkpoints-over-school-holidays
399,https://www.straitstimes.com/singapore/transport/station-manager-bypassed-door-interlocking-system
400,https://www.straitstimes.com/singapore/transport/work-resumes-at-collapsed-viaduct-site-with-new-builder
401,https://www.straitstimes.com/singapore/transport/no-major-disruptions-expected-at-changi-airport
402,https://www.straitstimes.com/singapore/transport/train-leaves-ang-mo-kio-with-door-open-station-manager-suspended
403,https://www.straitstimes.com/singapore/transport/mobike-exploring-options-ahead-of-planned-spore-exit
404,https://www.straitstimes.com/singapore/transport/mobike-seeks-lta-approval-to-exit-spore
405,https://www.straitstimes.com/singapore/transport/singapore-suspends-operations-of-all-types-of-b-737-max-jets
406,https://www.straitstimes.com/singapore/transport/sats-new-tech-cuts-waste-from-airplane-meals
407,https://www.straitstimes.com/singapore/transport/taxi-driver-faints-passenger-abandons-cab-after-collision
408,https://www.straitstimes.com/singapore/transport/some-nel-stations-to-close-earlier-this-month-on-weekends
409,https://www.straitstimes.com/singapore/transport/new-offerings-at-changis-revamped-t3-basement
410,https://www.straitstimes.com/singapore/transport/why-singapores-roads-are-less-safe-now
411,https://www.straitstimes.com/singapore/transport/cycling-routes-to-link-geylang-and-queenstown-to-city
412,https://www.straitstimes.com/singapore/transport/greater-connectivity-helps-lift-travel-trade-links-for-asean
413,https://www.straitstimes.com/singapore/transport/getting-the-best-value-from-the-transport-system
414,https://www.straitstimes.com/singapore/transport/changis-jewel-set-to-open-its-doors-in-april
415,https://www.straitstimes.com/singapore/transport/spore-takes-air-traffic-management-responsibilities-very-seriously-minister
416,https://www.straitstimes.com/singapore/transport/further-delays-likely-for-rapid-transit-system-link-to-jb-vivian
417,https://www.straitstimes.com/singapore/transport/grab-lands-2b-in-fresh-funds-raising-coffers-to-108b
418,https://www.straitstimes.com/singapore/transport/signal-fault-hits-downtown-line-during-morning-rush
419,https://www.straitstimes.com/singapore/transport/private-hire-demand-pushes-up-car-coe-premiums
420,https://www.straitstimes.com/singapore/transport/more-bus-stops-to-get-wider-seats-armrests
421,https://www.straitstimes.com/singapore/transport/ntu-volvo-launch-autonomous-electric-bus
422,https://www.straitstimes.com/singapore/transport/asean-urged-to-work-towards-single-shipping-market
423,https://www.straitstimes.com/singapore/transport/spore-at-the-forefront-with-driverless-vehicles
424,https://www.straitstimes.com/singapore/transport/a-380-demise-no-major-impact-on-changi-stakeholders
425,https://www.straitstimes.com/singapore/transport/many-parents-dont-always-use-child-restraints-in-cars-survey
426,https://www.straitstimes.com/singapore/transport/insurers-offer-10000-reward-to-combat-fraud-0
427,https://www.straitstimes.com/singapore/transport/2nd-firm-charged-over-illegal-sharing-of-pmds
428,https://www.straitstimes.com/singapore/transport/bombardier-investing-85m-to-expand-spore-service-centre
429,https://www.straitstimes.com/singapore/transport/3-sia-flights-to-europe-stop-to-refuel-after-being-re-routed
430,https://www.straitstimes.com/singapore/transport/st-engineering-to-test-drones-at-lower-seletar-reservoir
431,https://www.straitstimes.com/singapore/transport/sorry-we-messed-up
432,https://www.straitstimes.com/singapore/transport/rolls-royce-to-replace-scoots-older-b-787-engines-with-new-version
433,https://www.straitstimes.com/singapore/transport/dip-in-satisfaction-with-private-hire-cars-last-year
434,https://www.straitstimes.com/singapore/transport/two-start-ups-in-trouble-for-illegally-offering-shared-pmds
435,https://www.straitstimes.com/singapore/transport/low-premiums-fuel-record-coe-renewals-for-cars
436,https://www.straitstimes.com/singapore/transport/coe-prices-mostly-higher-amid-smaller-supply
437,https://www.straitstimes.com/singapore/transport/mrt-train-evacuated-after-phone-emits-smoke
438,https://www.straitstimes.com/singapore/transport/in-flight-entertainment-cameras-are-not-in-use-sia
439,https://www.straitstimes.com/singapore/transport/impact-on-fares-expected-to-be-minimal
440,https://www.straitstimes.com/singapore/transport/diesel-duty-hike-too-sudden-rebates-too-low-cabbies
441,https://www.straitstimes.com/singapore/transport/train-at-dhoby-ghaut-mrt-station-evacuated-after-passengers-mobile-phone-started
442,https://www.straitstimes.com/singapore/transport/diesel-duty-hike-will-filter-down-to-some-consumers-industry
443,https://www.straitstimes.com/singapore/transport/sia-assures-customers-that-in-flight-entertainment-cameras-are-not-being-used
444,https://www.straitstimes.com/singapore/transport/diesel-duty-doubled-to-20-cents-a-litre
445,https://www.straitstimes.com/singapore/transport/peak-hour-commutes-of-no-more-than-45-minutes-by-2040-panel
446,https://www.straitstimes.com/singapore/transport/ofos-bike-sharing-licence-suspended
447,https://www.straitstimes.com/singapore/transport/comfortdelgro-posts-06-rise-in-profit-to-303m
448,https://www.straitstimes.com/singapore/transport/is-it-the-end-of-the-runway-for-the-giant-jet
449,https://www.straitstimes.com/singapore/transport/bus-train-trips-hit-record-high-last-year
450,https://www.straitstimes.com/singapore/transport/commuters-happier-with-public-transport-poll
451,https://www.straitstimes.com/singapore/transport/sbs-transits-net-profit-surges-70-to-record-80m
452,https://www.straitstimes.com/singapore/transport/14-companies-in-the-running-for-pmd-sharing-licence
453,https://www.straitstimes.com/singapore/transport/obikes-new-owner-applies-for-licence-to-run-pmd-service
454,https://www.straitstimes.com/singapore/transport/pilot-stewardess-grounded-over-sia-cockpit-incident
455,https://www.straitstimes.com/singapore/transport/mrt-network-sets-new-high-in-reliability
456,https://www.straitstimes.com/singapore/transport/big-car-coe-hits-8-month-high
457,https://www.straitstimes.com/singapore/transport/40-fall-in-registration-of-parallel-imported-cars
458,https://www.straitstimes.com/singapore/transport/vistara-pilots-to-fly-for-sia-scoot
459,https://www.straitstimes.com/singapore/transport/gojek-driver-in-viral-dispute-video-can-drive-for-now
460,https://www.straitstimes.com/singapore/transport/singapore-tanker-seized-in-cameroon-released
461,https://www.straitstimes.com/singapore/transport/more-cars-on-the-road-even-as-total-number-of-vehicles-falls
462,https://www.straitstimes.com/singapore/transport/brakes-put-on-three-of-six-bike-sharing-companies
463,https://www.straitstimes.com/singapore/transport/plans-for-random-alcohol-tests-for-pilots-departing-singapore
464,https://www.straitstimes.com/singapore/transport/giving-the-full-picture-of-work-on-upcoming-mrt-line
465,https://www.straitstimes.com/singapore/transport/foreign-vehicles-with-outstanding-fines-may-be-denied-entry-from-april-1
466,https://www.straitstimes.com/singapore/transport/9-in-sengkang-caught-as-new-pmd-rules-kick-in
467,https://www.straitstimes.com/singapore/transport/gojek-riders-dispute-with-driver-goes-viral
468,https://www.straitstimes.com/singapore/transport/crematorium-workers-probed-over-red-packets
469,https://www.straitstimes.com/singapore/transport/sia-girl-still-current-says-airline-after-brand-review
470,https://www.straitstimes.com/singapore/transport/standards-drawn-up-for-safe-use-of-fully-autonomous-vehicles
471,https://www.straitstimes.com/singapore/transport/new-app-for-commuters-with-special-needs-being-tested
472,https://www.straitstimes.com/singapore/transport/616m-contract-awarded-to-build-part-of-n-s-corridor
473,https://www.straitstimes.com/singapore/transport/sales-of-high-end-cars-soar-but-sink-for-general-market
474,https://www.straitstimes.com/singapore/transport/sia-opens-lab-to-promote-digital-innovation
475,https://www.straitstimes.com/singapore/transport/higher-speed-limits-for-8-seater-cars-likely-for-some-cranes-too
476,https://www.straitstimes.com/singapore/transport/ryde-secures-investment-names-new-chairman
477,https://www.straitstimes.com/singapore/transport/hdt-taxi-drivers-to-get-more-training-support
478,https://www.straitstimes.com/singapore/transport/record-passenger-haul-for-changi-airport
479,https://www.straitstimes.com/singapore/transport/free-safety-course-for-cyclists-extended
480,https://www.straitstimes.com/singapore/transport/car-dealers-warn-of-two-men-making-bogus-purchases
481,https://www.straitstimes.com/singapore/transport/cross-island-mrt-a-unique-line-with-great-potential
482,https://www.straitstimes.com/singapore/transport/cross-island-lines-first-phase-to-be-completed-by-2029
483,https://www.straitstimes.com/singapore/transport/car-coe-numbers-to-drop-96-for-feb-to-april
484,https://www.straitstimes.com/singapore/transport/lta-aims-to-streamline-rules-for-taxi-firms-private-hire-cars
485,https://www.straitstimes.com/singapore/transport/senior-bmw-exec-defects-to-rival-audi
486,https://www.straitstimes.com/singapore/transport/sia-climbs-to-no-18-in-fortunes-top-50-rankings
487,https://www.straitstimes.com/singapore/transport/car-coe-prices-up-after-motor-show
488,https://www.straitstimes.com/singapore/transport/most-obike-users-yet-to-file-claim-for-refund-of-deposit
489,https://www.straitstimes.com/singapore/transport/in-singapore-tightened-laws-on-drone-use-still-under-review
490,https://www.straitstimes.com/singapore/transport/spore-offers-war-risk-insurance-for-ships
491,https://www.straitstimes.com/singapore/transport/hour-long-train-fault-causes-delay-on-north-south-line
492,https://www.straitstimes.com/singapore/transport/sp-group-asb-link-up-on-electric-vehicle-charging-network
493,https://www.straitstimes.com/singapore/transport/motorcyclist-pillion-rider-flung-off-bike-in-aye-collision
494,https://www.straitstimes.com/singapore/transport/car-fitting-specialist-tomo-zooms-ahead
495,https://www.straitstimes.com/singapore/transport/enjoy-auspicious-rides-this-chinese-new-year
496,https://www.straitstimes.com/singapore/transport/more-air-passengers-flying-off-the-handle
497,https://www.straitstimes.com/singapore/transport/lower-speed-limit-for-pmds-from-feb-1
498,https://www.straitstimes.com/singapore/transport/call-for-commuters-to-help-when-trains-break-down
499,https://www.straitstimes.com/singapore/transport/sbs-transit-still-looking-for-new-ceo
500,https://www.straitstimes.com/singapore/transport/checkpoint-snarls-not-major-source-of-disruption-for-firms
501,https://www.straitstimes.com/singapore/transport/ncmp-dennis-tan-proposes-additional-factors-to-fare-formula
502,https://www.straitstimes.com/singapore/transport/ofos-licence-to-be-suspended-if-it-does-not-comply-with-requirements
503,https://www.straitstimes.com/singapore/transport/spore-gears-up-for-faster-car-lite-transport-by-2040
504,https://www.straitstimes.com/singapore/transport/gojeks-lower-fares-driver-perks-prove-to-be-big-draw
505,https://www.straitstimes.com/singapore/transport/nissan-commits-to-fully-electrified-range
506,https://www.straitstimes.com/singapore/transport/sia-fires-pilot-whose-failed-alcohol-test-caused-flight-cancellation
507,https://www.straitstimes.com/singapore/transport/sp-group-launches-e-car-charging-points
508,https://www.straitstimes.com/singapore/transport/car-coe-premiums-rise-ahead-of-motor-show
509,https://www.straitstimes.com/singapore/transport/24-hurt-in-3-vehicle-crash-on-jurong-highway
510,https://www.straitstimes.com/singapore/transport/scoot-flight-turns-back-to-changi-soon-after-take-off
511,https://www.straitstimes.com/singapore/transport/ils-helping-pilots-to-land-safely-even-in-bad-weather
512,https://www.straitstimes.com/singapore/transport/declaration-of-restricted-area-affects-seletars-flight-path
513,https://www.straitstimes.com/singapore/transport/founders-memorial-to-get-its-own-stop-on-new-mrt-line
514,https://www.straitstimes.com/singapore/transport/new-mrt-station-for-founders-memorial
515,https://www.straitstimes.com/singapore/transport/volvo-starts-selling-its-china-made-models-here
516,https://www.straitstimes.com/singapore/transport/three-quarter-tank-rule-to-apply-to-spore-diesel-vehicles-from-april
517,https://www.straitstimes.com/singapore/transport/scoot-passengers-back-in-spore-2-days-after-delay-in-taipei
518,https://www.straitstimes.com/singapore/transport/gojeks-ride-hailing-services-now-available-islandwide
519,https://www.straitstimes.com/singapore/transport/motorbike-tolls-at-second-link-to-be-scrapped-from-jan-21
520,https://www.straitstimes.com/singapore/transport/gojek-introduces-dynamic-pricing
521,https://www.straitstimes.com/singapore/transport/delays-hit-north-south-mrt-line
522,https://www.straitstimes.com/singapore/transport/hong-kong-mtr-keeps-its-shine-amid-setbacks
523,https://www.straitstimes.com/singapore/transport/train-and-bus-fares-rise-by-up-to-10-cents
524,https://www.straitstimes.com/singapore/transport/extended-bus-train-services-for-revellers
525,https://www.straitstimes.com/singapore/transport/sbs-transit-ceo-quits-over-personal-indiscretion
526,https://www.straitstimes.com/singapore/transport/shared-bike-users-who-park-indiscriminately-face-5-levy
527,https://www.straitstimes.com/singapore/transport/singapore-ofo-users-seeking-refund-hit-bump
528,https://www.straitstimes.com/singapore/transport/lorry-driver-cyclist-arrested-after-pasir-ris-road-altercation
529,https://www.straitstimes.com/singapore/transport/150000-households-apply-for-30-public-transport-vouchers
530,https://www.straitstimes.com/singapore/transport/cyclist-hits-lorrys-side-mirror-gets-knocked-over-in-pasir-ris-0
531,https://www.straitstimes.com/singapore/transport/smrt-worker-was-checking-for-oil-leaks-just-before-accident
532,https://www.straitstimes.com/singapore/transport/road-closures-tight-security-at-marina-bays-2019-countdown
533,https://www.straitstimes.com/singapore/transport/nea-to-accept-new-vehicle-emissions-test-standard
534,https://www.straitstimes.com/singapore/transport/six-more-contracts-to-build-transport-corridor
535,https://www.straitstimes.com/singapore/transport/teenager-arrested-for-drink-driving
536,https://www.straitstimes.com/singapore/transport/coe-premiums-up-in-3-categories
537,https://www.straitstimes.com/singapore/transport/ica-expect-heavy-traffic-at-checkpoints-till-jan-1
538,https://www.straitstimes.com/singapore/transport/taxi-private-hire-car-firms-offer-ideas-for-masterplan
539,https://www.straitstimes.com/singapore/transport/circular-rd-closed-to-parking-for-3-months
540,https://www.straitstimes.com/singapore/transport/grab-services-interrupted-yesterday-morning
541,https://www.straitstimes.com/singapore/transport/mediation-a-way-of-protecting-private-hire-car-drivers
542,https://www.straitstimes.com/singapore/transport/look-ahead-2019-3-things-to-watch-out-for-transport
543,https://www.straitstimes.com/singapore/transport/transport-needs-to-evolve-as-population-grows
544,https://www.straitstimes.com/singapore/transport/transport-year-of-highs-lows
545,https://www.straitstimes.com/singapore/transport/extended-smrt-train-bus-services-on-christmas-eve
546,https://www.straitstimes.com/singapore/transport/on-demand-bus-trial-gets-mostly-positive-response
547,https://www.straitstimes.com/singapore/transport/smrt-maintenance-works-set-to-resume-after-safety-timeout
548,https://www.straitstimes.com/singapore/transport/nel-to-undergo-major-renewal-from-january
549,https://www.straitstimes.com/singapore/transport/three-teams-shortlisted-for-sias-branding-and-marketing-contract
550,https://www.straitstimes.com/singapore/transport/50-years-of-flying-high-singapore-girl-here-to-stay
551,https://www.straitstimes.com/singapore/transport/toyota-to-supply-grab-with-hybrid-cars
552,https://www.straitstimes.com/singapore/transport/e-scooter-sign-up-to-start-jan-2-with-fee-waiver-until-march-31
553,https://www.straitstimes.com/singapore/transport/bt-panjang-lrt-service-to-end-earlier-from-jan-13-for-works
554,https://www.straitstimes.com/singapore/transport/firefly-may-not-be-able-to-return-to-changi
555,https://www.straitstimes.com/singapore/transport/new-landing-system-doesnt-impose-new-height-restrictions-experts
556,https://www.straitstimes.com/singapore/transport/seletar-procedures-pose-no-risk-to-pasir-gudang-singapore
557,https://www.straitstimes.com/singapore/transport/jb-side-of-causeway-to-close-in-early-hours-tomorrow
558,https://www.straitstimes.com/singapore/transport/motorists-watch-your-speed-along-tanah-merah-coast-road
559,https://www.straitstimes.com/singapore/transport/bluesg-to-open-charging-stations-to-other-users
560,https://www.straitstimes.com/singapore/transport/singapore-transport-ministry-responds-to-statement-by-malaysian-counterpart
561,https://www.straitstimes.com/singapore/transport/work-to-complete-viaduct-to-begin-next-year
562,https://www.straitstimes.com/singapore/transport/drive-to-get-younger-commuters-looking-out-for-needs-of-seniors
563,https://www.straitstimes.com/singapore/transport/new-jb-port-limits-go-beyond-kls-past-claims
564,https://www.straitstimes.com/singapore/transport/3d-road-markings-to-go-on-trial-in-whampoa
565,https://www.straitstimes.com/singapore/transport/small-car-coe-price-lowest-in-8-years
566,https://www.straitstimes.com/singapore/transport/robots-could-be-rolled-out-for-security-patrols-at-mrt-stations
567,https://www.straitstimes.com/singapore/transport/the-way-forward-must-be-integration-not-fragmentation
568,https://www.straitstimes.com/singapore/transport/qatar-offers-qsuite-cabin-on-spore-flights
569,https://www.straitstimes.com/singapore/transport/riding-in-a-winter-wonderland
570,https://www.straitstimes.com/singapore/transport/ride-hailing-buses-more-cost-effective-especially-during-off-peak-hours
571,https://www.straitstimes.com/singapore/transport/on-demand-buses-hit-the-road-from-dec-17
572,https://www.straitstimes.com/singapore/transport/battle-for-premium-travellers-heats-up-as-qatar-airways-unveils-qsuite-in
573,https://www.straitstimes.com/singapore/transport/lta-expands-contactless-payment-trial-to-nets-visa
574,https://www.straitstimes.com/singapore/transport/gojek-rolls-out-beta-version-of-app-with-ride-limitations
575,https://www.straitstimes.com/singapore/transport/hybrid-buses-to-hit-the-road-next-month
576,https://www.straitstimes.com/singapore/transport/more-malaysian-cars-offering-private-hire-services-illegally-here
577,https://www.straitstimes.com/singapore/transport/fire-alarm-grounded-t1-lifts-for-more-than-an-hour
578,https://www.straitstimes.com/singapore/transport/100-staff-to-lose-jobs-as-silkair-shuts-down-regional-offices
579,https://www.straitstimes.com/singapore/transport/punggol-road-link-to-kpe-and-tpe-opens
580,https://www.straitstimes.com/singapore/transport/paving-the-way-for-smoother-traffic-in-punggol
581,https://www.straitstimes.com/singapore/transport/ex-smrt-boss-opens-leadership-consultant-firm
582,https://www.straitstimes.com/singapore/transport/no-kl-nod-for-seletar-move-so-firefly-has-to-shelve-flights
583,https://www.straitstimes.com/singapore/transport/cut-car-use-and-free-land-for-other-commuters-khaw
584,https://www.straitstimes.com/singapore/transport/scoot-to-take-over-several-silkair-routes-as-part-of-sia-group-revamp
585,https://www.straitstimes.com/singapore/transport/some-early-closures-on-nsl-ewl-from-nov-30
586,https://www.straitstimes.com/singapore/transport/firefly-to-suspend-all-flights-to-singapore
587,https://www.straitstimes.com/singapore/transport/lime-rolls-out-shared-e-scooters-at-science-park
588,https://www.straitstimes.com/singapore/transport/airline-of-the-year-for-2019-singapore-airlines
589,https://www.straitstimes.com/singapore/transport/coe-prices-all-lower-except-for-motorbikes
590,https://www.straitstimes.com/singapore/transport/pmd-sharing-services-firms-to-be-restricted-to-small-scale-operations
591,https://www.straitstimes.com/singapore/transport/all-seletar-operations-shift-to-80m-new-terminal
592,https://www.straitstimes.com/singapore/transport/sia-flight-to-paris-makes-u-turn-soon-after-changi-take-off
593,https://www.straitstimes.com/singapore/transport/new-choa-chu-kang-bus-interchange-to-open-on-dec-16-0
594,https://www.straitstimes.com/singapore/transport/wearnes-pumps-35m-into-grand-complex
595,https://www.straitstimes.com/singapore/transport/caas-kicks-off-campaign-on-staying-safe-during-flight
596,https://www.straitstimes.com/singapore/transport/civil-aviation-authority-of-singapore-kicks-off-campaign-to-remind-holidaymakers
597,https://www.straitstimes.com/singapore/transport/smrt-being-reshaped-to-improve-its-core-business
598,https://www.straitstimes.com/singapore/transport/no-deep-seated-cultural-issues-at-smrt-says-its-new-ceo-neo-kian-hong
599,https://www.straitstimes.com/singapore/transport/scoots-move-timely-but-could-affect-sia-group-integration
600,https://www.straitstimes.com/singapore/transport/scoot-switching-from-terminal-2-to-t1-next-year
